{
  "skills": [
    {
      "id": "1",
      "src": "./img/product-chain-1.png",
      "title": "Experienced",
      "description": "Java , C++ , ReactJS , HTML , CSS  Bootstrap , JavaScript"
    },
    {
      "id": "2",
      "src": "./img/tag-1.png",
      "title": "Intermediate",
      "description": "MongoDB , NodeJS , MySQL , C, Firebase"
    },
    {
      "id": "3",
      "src": "./img/feather-pen-2.png",
      "title": "Familiar",
      "description": "Git , Docker , Python"
    },
    {
      "id": "4",
      "src": "./img/feather-pen-1.png",
      "title": "Developer Tools",
      "description": "VS Code , IntelliJ , Canva , Figma"
    }
  ],
  "portfolio": [
    {
      "id": "1",
      "src": "./img/placeholder-image.png",
      "title": "Car Rental Management",
      "description": "A car rental website features user login for secure access and a driver section that includes license-based verification to ensure driver eligibility and It provides a list of available cars for rent.",
      "link": "View In Github"
    },
    {
      "id": "2",
      "src": "./img/placeholder-image-1.png",
      "title": "  Educational Portal",
      "description": "A Free education website features secure user login, doubt solving via video calls with mentors and a chatbot, a variety of courses, and real-time course progress tracking.",
      "link": "View In Github"
    },
    {
      "id": "3",
      "src": "./img/placeholder-image-2.png",
      "title": "B & N Fashion Hub",
      "description": "Our application simplifies shopping and saves time with user-friendly features. Create an account, manage your preferences  and secure transactions and doorstep delivery.",
      "link": "View In Github"
    }
  ]
}
